mode;keyword;title;description;tips;file_path;board_name;pin_link
image;Keto diet;Keto Diet: Unlock the Key to Weight Loss and Optimal Health ü•ëü•ôüç≥;Unlock Incredible Keto Diet Recipes: Your Gateway to Blissful Weight Loss & Health Transformation;"1. Increase healthy fats, like avocado, olive oil, and nuts.
2. Consume moderate protein from sources like eggs and fish.
3. Eat low-carb vegetables like spinach, broccoli, and cauliflower.
4. Avoid sugary drinks and high-carb snacks.
5. Stay hydrated and listen to your body's hunger cues.";;;
image;Keto recipes;Keto Recipes: Delicious Low-Carb Dish Ideas for Your Next Meal;Unleash your taste buds with these scrumptious keto recipes! Indulge in low-carb dishes that'll make your next meal a hit. Perfect for any ketogenic diet enthusiast! #KetoRecipes #LowCarbFeast;"1. Prioritize healthy fats like avocados, nuts, and olive oil.
2. Get creative with cauliflower: try rice, pizza crust, or mash.
3. Don't forget protein: eggs, chicken, and fish are keto-friendly.
4. Incorporate non-starchy vegetables like spinach, broccoli, and zucchini.
5. Sweeten dishes with low-carb options like monk fruit or stevia.";;;
image;Keto meal plan;Keto Meal Plan: Delicious & Healthy Food Ideas to Stay in Ketosis;Discover a delicious collection of low-carb, high-fat meals that'll keep you in ketosis and support a healthy lifestyle. From breakfast to dinner, this keto meal plan has got you covered with mouthwatering recipes to satisfy your taste buds and nourish your body. üíöüç≥ü•© #ketogenicdiet #ketomeals #ketofoodideas;"1. Monitor your macronutrients for optimal results.
2. Enjoy low-carb vegetables like spinach and broccoli.
3. Choose healthy fats like avocados and nuts.
4. Opt for protein sources like chicken and fatty fish.
5. Avoid high-carb foods such as rice and bread.";;;
image;Keto snacks;Keto Snacks: Yummy & Healthy Treats for Your Low-Carb Diet;Level up your low-carb game with our mouth-watering Keto Snacks collection! Indulge in guilt-free treats that keep you on track with your healthy Ketogenic lifestyle. From sugar-free delights to savory bites, our Keto-friendly items will tantalize your taste buds and keep you satisfied. Treat yourself to a delectable range of appetizing Keto Snacks perfect for any cravings or gatherings, whilst maintaining a low-carb, high-fat diet essential for optimal health and weight loss. Dive into a world of keto-approved treats and explore innovative recipes for Homemade Keto Snacks that are not only delicious and satisfying but also easy to make! Start your healthy journey today and give your body the nutrients it deserves - without ever missing out on the flavors! #ketodiet #ketosnacks #lowcarb #healthylifestyle #ketogenic #ketotreats;"1. Opt for nuts like almonds and walnuts
2. Choose cheese wedges or string cheese
3. Pick hard-boiled eggs for a quick snack
4. Try low-carb veggies like carrot sticks and celery
5. Toss some keto chips or kale chips for crunch";;;
image;Keto diet;Keto Diet: Transform Your Body with High-Fat, Low-Carb Meals and Achieve Your Weight Loss Goals;10 Shocking Truths About Keto Diet Everyone Should Know - A Perfect Guide to Achieving Your Fit Body Goal. üçüü•ë everyoneknothewatchedthis;"1. Incorporate healthy fats like avocados, nuts, and ghee.
2. Limit high-carb foods like grains, sugars, and starchy vegetables.
3. Focus on protein-rich foods like eggs, fish, and grass-fed meat.
4. Drink plenty of water and green tea to stay hydrated and energized.
5. Track your macros to ensure you're in a fat-burning state.";;;
image;Keto recipes;Top 10 Mouthwatering Keto Recipes | Low-Carb Dinners & Delicious Treats To Satisfy Your Cravings!;"Unlock the tantalizing world of keto cooking with our Top 10 Mouthwatering Keto Recipes! Whether you're in the mood for succulent Low-Carb Dinners or indulging in the ultimate Delicious Treats, these must-try recipes will have your taste buds singing and cravings fully satisfied! üçΩÔ∏èü•ë Dive into a world of flavor where mouthwatering meets healthy with these simple, irresistible, and incredibly satisfying recipes that are bursting with taste, but never compromising on your keto lifestyle! So, prepare to embark on a culinary adventure filled with savory dishes and sweet delights that are guaranteed to impress even the pickiest of eaters. Get ready to nourish your body and tantalize your taste buds; let's keto together! #KetoRecipes #LowCarb #HighFat #HealthyLiving";"1. Incorporate healthy fats for your diet enrichment
2. Choose protein-dense options for satisfying meals
3. Opt for low-carb vegetables to add crunch and texture
4. Experiment with flavorful spices for enhanced taste
5. Indulge in guilt-free treats for sweet cravings";;;
